No.,Time,Source,Destination,Protocol,Length,Info,,,,,,,Num of packets
45143,31.007649,216.58.210.234,10.100.102.6,TCP,60,443  >  54877 [ACK] Seq=1642 Ack=23017196 Win=7911 Len=0,,,,,,,428
45144,31.007649,216.58.210.234,10.100.102.6,TCP,60,443  >  54877 [ACK] Seq=1642 Ack=23022550 Win=7915 Len=0,,,,,,,
45145,31.007649,216.58.210.234,10.100.102.6,TCP,60,443  >  54877 [ACK] Seq=1642 Ack=23020056 Win=7914 Len=0,,,,,,,
45148,31.007649,216.58.210.234,10.100.102.6,TCP,60,443  >  54952 [ACK] Seq=7236 Ack=7976722 Win=2145280 Len=0,,,,,,,
45149,31.007649,216.58.210.234,10.100.102.6,TCP,60,443  >  54952 [ACK] Seq=7236 Ack=7979582 Win=2145280 Len=0,,,,,,,
45150,31.007649,216.58.210.234,10.100.102.6,TCP,60,443  >  54952 [ACK] Seq=7236 Ack=7980646 Win=2145280 Len=0,,,,,,,
45154,31.008272,216.58.210.234,10.100.102.6,TCP,60,443  >  54952 [ACK] Seq=7236 Ack=7988860 Win=2140416 Len=0,,,,,,,
45158,31.014034,216.58.210.234,10.100.102.6,TCP,60,443  >  54952 [ACK] Seq=7236 Ack=7991720 Win=2144000 Len=0,,,,,,,
45159,31.014216,216.58.210.234,10.100.102.6,TCP,60,443  >  54952 [ACK] Seq=7236 Ack=7994580 Win=2144000 Len=0,,,,,,,
45160,31.014216,216.58.210.234,10.100.102.6,TCP,60,443  >  54952 [ACK] Seq=7236 Ack=7997074 Win=2145280 Len=0,,,,,,,
45167,31.018237,216.58.210.234,10.100.102.6,TCP,60,443  >  54952 [ACK] Seq=7236 Ack=8002794 Win=2142208 Len=0,,,,,,,
45168,31.019786,216.58.210.234,10.100.102.6,TCP,60,443  >  54952 [ACK] Seq=7236 Ack=8005288 Win=2144256 Len=0,,,,,,,
45173,31.020298,216.58.210.234,10.100.102.6,TCP,60,443  >  54952 [ACK] Seq=7236 Ack=8009578 Win=2145280 Len=0,,,,,,,
45174,31.020298,216.58.210.234,10.100.102.6,TCP,60,443  >  54952 [ACK] Seq=7236 Ack=8013502 Win=2145280 Len=0,,,,,,,
45177,31.024119,216.58.210.234,10.100.102.6,TCP,60,443  >  54952 [ACK] Seq=7236 Ack=8016362 Win=2144000 Len=0,,,,,,,
45178,31.024119,216.58.210.234,10.100.102.6,TCP,60,443  >  54952 [ACK] Seq=7236 Ack=8021716 Win=2145280 Len=0,,,,,,,
45179,31.024119,216.58.210.234,10.100.102.6,TCP,60,443  >  54952 [ACK] Seq=7236 Ack=8019222 Win=2144000 Len=0,,,,,,,
45191,31.032728,216.58.210.234,10.100.102.6,TCP,60,443  >  54877 [ACK] Seq=1642 Ack=23029700 Win=7899 Len=0,,,,,,,
45192,31.033195,216.58.210.234,10.100.102.6,TCP,60,443  >  54877 [ACK] Seq=1642 Ack=23030764 Win=7915 Len=0,,,,,,,
45194,31.033531,216.58.210.234,10.100.102.6,TCP,60,443  >  54877 [ACK] Seq=1642 Ack=23033624 Win=7911 Len=0,,,,,,,
45197,31.034702,216.58.210.234,10.100.102.6,TCP,60,443  >  54877 [ACK] Seq=1642 Ack=23038978 Win=7915 Len=0,,,,,,,
45198,31.034702,216.58.210.234,10.100.102.6,TCP,60,443  >  54877 [ACK] Seq=1642 Ack=23036484 Win=7914 Len=0,,,,,,,
45205,31.037799,216.58.210.234,10.100.102.6,TCP,60,443  >  54877 [ACK] Seq=1642 Ack=23044698 Win=7903 Len=0,,,,,,,
45206,31.037799,216.58.210.234,10.100.102.6,TCP,60,443  >  54877 [ACK] Seq=1642 Ack=23047192 Win=7911 Len=0,,,,,,,
45208,31.03892,216.58.210.234,10.100.102.6,TCP,60,443  >  54877 [ACK] Seq=1642 Ack=23050052 Win=7911 Len=0,,,,,,,
45209,31.043705,216.58.210.234,10.100.102.6,TCP,60,443  >  54877 [ACK] Seq=1642 Ack=23052912 Win=7914 Len=0,,,,,,,
45210,31.043705,216.58.210.234,10.100.102.6,TCP,60,443  >  54877 [ACK] Seq=1642 Ack=23055406 Win=7915 Len=0,,,,,,,
45214,31.043705,216.58.210.234,10.100.102.6,TCP,60,443  >  54952 [ACK] Seq=7236 Ack=8029930 Win=2140416 Len=0,,,,,,,
45215,31.043705,216.58.210.234,10.100.102.6,TCP,60,443  >  54877 [ACK] Seq=1642 Ack=23063620 Win=7915 Len=0,,,,,,,
45216,31.043705,216.58.210.234,10.100.102.6,TCP,60,443  >  54877 [ACK] Seq=1642 Ack=23059696 Win=7915 Len=0,,,,,,,
45221,31.048648,216.58.210.234,10.100.102.6,TCP,60,443  >  54952 [ACK] Seq=7236 Ack=8032790 Win=2144000 Len=0,,,,,,,
45222,31.048855,216.58.210.234,10.100.102.6,TCP,60,443  >  54952 [ACK] Seq=7236 Ack=8035650 Win=2142208 Len=0,,,,,,,
45223,31.048855,216.58.210.234,10.100.102.6,TCP,60,443  >  54952 [ACK] Seq=7236 Ack=8038144 Win=2144256 Len=0,,,,,,,
45225,31.050877,216.58.210.234,10.100.102.6,TCP,60,443  >  54877 [ACK] Seq=1642 Ack=23066480 Win=7911 Len=0,,,,,,,
45226,31.050877,216.58.210.234,10.100.102.6,TCP,60,443  >  54877 [ACK] Seq=1642 Ack=23069340 Win=7911 Len=0,,,,,,,
45227,31.052072,216.58.210.234,10.100.102.6,TCP,60,443  >  54877 [ACK] Seq=1642 Ack=23071834 Win=7915 Len=0,,,,,,,
45229,31.054492,216.58.210.234,10.100.102.6,TCP,60,443  >  54877 [ACK] Seq=1642 Ack=23077554 Win=7903 Len=0,,,,,,,
45230,31.054595,216.58.210.234,10.100.102.6,TCP,60,443  >  54877 [ACK] Seq=1642 Ack=23080048 Win=7911 Len=0,,,,,,,
45236,31.083578,216.58.210.234,10.100.102.6,TCP,60,443  >  54877 [ACK] Seq=1642 Ack=23082908 Win=7911 Len=0,,,,,,,
45237,31.083578,216.58.210.234,10.100.102.6,TCP,60,443  >  54877 [ACK] Seq=1642 Ack=23085768 Win=7903 Len=0,,,,,,,
45238,31.083578,216.58.210.234,10.100.102.6,TCP,60,443  >  54877 [ACK] Seq=1642 Ack=23088262 Win=7911 Len=0,,,,,,,
45240,31.083578,216.58.210.234,10.100.102.6,TCP,60,443  >  54952 [ACK] Seq=7236 Ack=8046358 Win=2140416 Len=0,,,,,,,
45243,31.083578,216.58.210.234,10.100.102.6,TCP,60,443  >  54952 [ACK] Seq=7236 Ack=8053508 Win=2145280 Len=0,,,,,,,
45244,31.083578,216.58.210.234,10.100.102.6,TCP,60,443  >  54952 [ACK] Seq=7236 Ack=8054572 Win=2145280 Len=0,,,,,,,
45245,31.083578,216.58.210.234,10.100.102.6,TCP,60,443  >  54952 [ACK] Seq=7236 Ack=8049218 Win=2144000 Len=0,,,,,,,
45252,31.094052,216.58.210.234,10.100.102.6,TCP,60,443  >  54952 [ACK] Seq=7236 Ack=8058862 Win=2145280 Len=0,,,,,,,
45253,31.094052,216.58.210.234,10.100.102.6,TCP,60,443  >  54952 [ACK] Seq=7236 Ack=8062786 Win=2145280 Len=0,,,,,,,
45257,31.094052,216.58.210.234,10.100.102.6,TCP,60,443  >  54952 [ACK] Seq=7236 Ack=8068506 Win=2142208 Len=0,,,,,,,
45258,31.094052,216.58.210.234,10.100.102.6,TCP,60,443  >  54952 [ACK] Seq=7236 Ack=8071000 Win=2144256 Len=0,,,,,,,
45262,31.094052,216.58.210.234,10.100.102.6,TCP,60,443  >  54952 [ACK] Seq=7236 Ack=8073860 Win=2144000 Len=0,,,,,,,
45263,31.094052,216.58.210.234,10.100.102.6,TCP,60,443  >  54952 [ACK] Seq=7236 Ack=8076720 Win=2144000 Len=0,,,,,,,
45264,31.094052,216.58.210.234,10.100.102.6,TCP,60,443  >  54952 [ACK] Seq=7236 Ack=8079214 Win=2145280 Len=0,,,,,,,
45271,31.099812,216.58.210.234,10.100.102.6,TCP,60,443  >  54952 [ACK] Seq=7236 Ack=8083504 Win=2145280 Len=0,,,,,,,
45272,31.099812,216.58.210.234,10.100.102.6,TCP,60,443  >  54952 [ACK] Seq=7236 Ack=8087428 Win=2145280 Len=0,,,,,,,
45275,31.106005,216.58.210.234,10.100.102.6,TCP,60,443  >  54877 [ACK] Seq=1642 Ack=23091122 Win=7911 Len=0,,,,,,,
45276,31.106005,216.58.210.234,10.100.102.6,TCP,60,443  >  54877 [ACK] Seq=1642 Ack=23093982 Win=7914 Len=0,,,,,,,
45277,31.106005,216.58.210.234,10.100.102.6,TCP,60,443  >  54877 [ACK] Seq=1642 Ack=23096476 Win=7915 Len=0,,,,,,,
45278,31.106005,216.58.210.234,10.100.102.6,TCP,60,443  >  54877 [ACK] Seq=1642 Ack=23104690 Win=7915 Len=0,,,,,,,
45284,31.107248,216.58.210.234,10.100.102.6,TCP,60,443  >  54877 [ACK] Seq=1642 Ack=23110410 Win=7903 Len=0,,,,,,,
45285,31.107248,216.58.210.234,10.100.102.6,TCP,60,443  >  54877 [ACK] Seq=1642 Ack=23112904 Win=7911 Len=0,,,,,,,
45293,31.115158,216.58.210.234,10.100.102.6,TCP,60,443  >  54877 [ACK] Seq=1642 Ack=23115764 Win=7911 Len=0,,,,,,,
45294,31.115158,216.58.210.234,10.100.102.6,TCP,60,443  >  54877 [ACK] Seq=1642 Ack=23118624 Win=7903 Len=0,,,,,,,
45295,31.117275,216.58.210.234,10.100.102.6,TCP,60,443  >  54877 [ACK] Seq=1642 Ack=23126838 Win=7915 Len=0,,,,,,,
45296,31.117275,216.58.210.234,10.100.102.6,TCP,60,443  >  54877 [ACK] Seq=1642 Ack=23123978 Win=7911 Len=0,,,,,,,
45297,31.117275,216.58.210.234,10.100.102.6,TCP,60,443  >  54877 [ACK] Seq=1642 Ack=23121118 Win=7911 Len=0,,,,,,,
45299,31.117275,216.58.210.234,10.100.102.6,TCP,60,443  >  54877 [ACK] Seq=1642 Ack=23129332 Win=7915 Len=0,,,,,,,
45301,31.117275,216.58.210.234,10.100.102.6,TCP,60,443  >  54952 [ACK] Seq=7236 Ack=8093148 Win=2142208 Len=0,,,,,,,
45302,31.117275,216.58.210.234,10.100.102.6,TCP,60,443  >  54952 [ACK] Seq=7236 Ack=8095642 Win=2144256 Len=0,,,,,,,
45307,31.122202,216.58.210.234,10.100.102.6,TCP,60,443  >  54952 [ACK] Seq=7236 Ack=8098502 Win=2145024 Len=0,,,,,,,
45308,31.122202,216.58.210.234,10.100.102.6,TCP,60,443  >  54952 [ACK] Seq=7236 Ack=8103856 Win=2145280 Len=0,,,,,,,
45310,31.122585,216.58.210.234,10.100.102.6,TCP,60,443  >  54877 [ACK] Seq=1642 Ack=23135052 Win=7903 Len=0,,,,,,,
45311,31.122585,216.58.210.234,10.100.102.6,TCP,60,443  >  54877 [ACK] Seq=1642 Ack=23137546 Win=7911 Len=0,,,,,,,
45313,31.123647,216.58.210.234,10.100.102.6,TCP,60,443  >  54877 [ACK] Seq=1642 Ack=23140406 Win=7915 Len=0,,,,,,,
45314,31.131468,216.58.210.234,10.100.102.6,TCP,60,443  >  54877 [ACK] Seq=1642 Ack=23145760 Win=7915 Len=0,,,,,,,
45321,31.164558,216.58.210.234,10.100.102.6,TCP,60,443  >  54877 [ACK] Seq=1642 Ack=23153974 Win=7896 Len=0,,,,,,,
45323,31.164558,216.58.210.234,10.100.102.6,TCP,60,443  >  54952 [ACK] Seq=7236 Ack=8111006 Win=2141184 Len=0,,,,,,,
45326,31.16486,216.58.210.234,10.100.102.6,TCP,60,443  >  54952 [ACK] Seq=7236 Ack=8112070 Win=2145280 Len=0,,,,,,,
45327,31.16486,216.58.210.234,10.100.102.6,TCP,60,443  >  54952 [ACK] Seq=7236 Ack=8116360 Win=2145280 Len=0,,,,,,,
45328,31.16486,216.58.210.234,10.100.102.6,TCP,60,443  >  54952 [ACK] Seq=7236 Ack=8120284 Win=2145280 Len=0,,,,,,,
45333,31.167779,216.58.210.234,10.100.102.6,TCP,60,443  >  54952 [ACK] Seq=7236 Ack=8123144 Win=2144000 Len=0,,,,,,,
45336,31.169153,216.58.210.234,10.100.102.6,TCP,60,443  >  54952 [ACK] Seq=7236 Ack=8126004 Win=2144000 Len=0,,,,,,,
45337,31.169153,216.58.210.234,10.100.102.6,TCP,60,443  >  54952 [ACK] Seq=7236 Ack=8128498 Win=2145280 Len=0,,,,,,,
45340,31.169812,216.58.210.234,10.100.102.6,TCP,60,443  >  54952 [ACK] Seq=7236 Ack=8134218 Win=2141184 Len=0,,,,,,,
45342,31.169812,216.58.210.234,10.100.102.6,TCP,60,443  >  54952 [ACK] Seq=7236 Ack=8136712 Win=2145280 Len=0,,,,,,,
45348,31.173565,216.58.210.234,10.100.102.6,TCP,60,443  >  54952 [ACK] Seq=7236 Ack=8144926 Win=2145280 Len=0,,,,,,,
45349,31.173565,216.58.210.234,10.100.102.6,TCP,60,443  >  54952 [ACK] Seq=7236 Ack=8150646 Win=2142208 Len=0,,,,,,,
45350,31.173565,216.58.210.234,10.100.102.6,TCP,60,443  >  54952 [ACK] Seq=7236 Ack=8153140 Win=2144256 Len=0,,,,,,,
45356,31.192544,216.58.210.234,10.100.102.6,TCP,60,443  >  54877 [ACK] Seq=1642 Ack=23156834 Win=7911 Len=0,,,,,,,
45357,31.192544,216.58.210.234,10.100.102.6,TCP,60,443  >  54877 [ACK] Seq=1642 Ack=23159694 Win=7903 Len=0,,,,,,,
45358,31.192544,216.58.210.234,10.100.102.6,TCP,60,443  >  54877 [ACK] Seq=1642 Ack=23165048 Win=7914 Len=0,,,,,,,
45359,31.192544,216.58.210.234,10.100.102.6,TCP,60,443  >  54877 [ACK] Seq=1642 Ack=23167908 Win=7915 Len=0,,,,,,,
45360,31.192544,216.58.210.234,10.100.102.6,TCP,60,443  >  54877 [ACK] Seq=1642 Ack=23162188 Win=7911 Len=0,,,,,,,
45361,31.192544,216.58.210.234,10.100.102.6,TCP,60,443  >  54877 [ACK] Seq=1642 Ack=23170402 Win=7915 Len=0,,,,,,,
45362,31.192544,216.58.210.234,10.100.102.6,TCP,60,443  >  54877 [ACK] Seq=1642 Ack=23173262 Win=7911 Len=0,,,,,,,
45363,31.192544,216.58.210.234,10.100.102.6,TCP,60,443  >  54877 [ACK] Seq=1642 Ack=23176122 Win=7911 Len=0,,,,,,,
45364,31.192544,216.58.210.234,10.100.102.6,TCP,60,443  >  54877 [ACK] Seq=1642 Ack=23178616 Win=7915 Len=0,,,,,,,
45369,31.192544,216.58.210.234,10.100.102.6,TCP,60,443  >  54877 [ACK] Seq=1642 Ack=23181476 Win=7911 Len=0,,,,,,,
45370,31.192544,216.58.210.234,10.100.102.6,TCP,60,443  >  54877 [ACK] Seq=1642 Ack=23184336 Win=7911 Len=0,,,,,,,
45371,31.192544,216.58.210.234,10.100.102.6,TCP,60,443  >  54877 [ACK] Seq=1642 Ack=23186830 Win=7911 Len=0,,,,,,,
45372,31.192544,216.58.210.234,10.100.102.6,TCP,60,443  >  54877 [ACK] Seq=1642 Ack=23192550 Win=7915 Len=0,,,,,,,
45373,31.192544,216.58.210.234,10.100.102.6,TCP,60,443  >  54877 [ACK] Seq=1642 Ack=23189690 Win=7911 Len=0,,,,,,,
45374,31.192544,216.58.210.234,10.100.102.6,TCP,60,443  >  54877 [ACK] Seq=1642 Ack=23195044 Win=7915 Len=0,,,,,,,
45375,31.192544,216.58.210.234,10.100.102.6,TCP,60,443  >  54952 [ACK] Seq=7236 Ack=8156000 Win=2145024 Len=0,,,,,,,
45376,31.192544,216.58.210.234,10.100.102.6,TCP,60,443  >  54952 [ACK] Seq=7236 Ack=8161354 Win=2145280 Len=0,,,,,,,
45377,31.192544,216.58.210.234,10.100.102.6,TCP,60,443  >  54952 [ACK] Seq=7236 Ack=8158860 Win=2145024 Len=0,,,,,,,
45379,31.192544,216.58.210.234,10.100.102.6,TCP,60,443  >  54877 [ACK] Seq=1642 Ack=23203258 Win=7915 Len=0,,,,,,,
45391,31.194761,216.58.210.234,10.100.102.6,TCP,60,443  >  54952 [ACK] Seq=7236 Ack=8165644 Win=2145280 Len=0,,,,,,,
45392,31.194761,216.58.210.234,10.100.102.6,TCP,60,443  >  54952 [ACK] Seq=7236 Ack=8169568 Win=2145280 Len=0,,,,,,,
45394,31.201977,216.58.210.234,10.100.102.6,TCP,60,443  >  54877 [ACK] Seq=1642 Ack=23207548 Win=7915 Len=0,,,,,,,
45395,31.201977,216.58.210.234,10.100.102.6,TCP,60,443  >  54877 [ACK] Seq=1642 Ack=23211472 Win=7915 Len=0,,,,,,,
45400,31.238331,216.58.210.234,10.100.102.6,TCP,60,443  >  54877 [ACK] Seq=1642 Ack=23219686 Win=7915 Len=0,,,,,,,
45402,31.238331,216.58.210.234,10.100.102.6,TCP,60,443  >  54952 [ACK] Seq=7236 Ack=8173858 Win=2143232 Len=0,,,,,,,
45404,31.238331,216.58.210.234,10.100.102.6,TCP,60,443  >  54952 [ACK] Seq=7236 Ack=8176718 Win=2144000 Len=0,,,,,,,
45405,31.238331,216.58.210.234,10.100.102.6,TCP,60,443  >  54952 [ACK] Seq=7236 Ack=8179212 Win=2141696 Len=0,,,,,,,
45406,31.238331,216.58.210.234,10.100.102.6,TCP,60,443  >  54952 [ACK] Seq=7236 Ack=8183502 Win=2139392 Len=0,,,,,,,
45407,31.238331,216.58.210.234,10.100.102.6,TCP,60,443  >  54952 [ACK] Seq=7236 Ack=8185996 Win=2144256 Len=0,,,,,,,
45416,31.243299,216.58.210.234,10.100.102.6,TCP,60,443  >  54952 [ACK] Seq=7236 Ack=8188856 Win=2145024 Len=0,,,,,,,
45417,31.243299,216.58.210.234,10.100.102.6,TCP,60,443  >  54952 [ACK] Seq=7236 Ack=8193146 Win=2145280 Len=0,,,,,,,
45418,31.243299,216.58.210.234,10.100.102.6,TCP,60,443  >  54952 [ACK] Seq=7236 Ack=8194210 Win=2145280 Len=0,,,,,,,
45423,31.243605,216.58.210.234,10.100.102.6,TCP,60,443  >  54952 [ACK] Seq=7236 Ack=8198500 Win=2145280 Len=0,,,,,,,
45425,31.244043,216.58.210.234,10.100.102.6,TCP,60,443  >  54952 [ACK] Seq=7236 Ack=8201360 Win=2145280 Len=0,,,,,,,
45426,31.244043,216.58.210.234,10.100.102.6,TCP,60,443  >  54952 [ACK] Seq=7236 Ack=8202424 Win=2145280 Len=0,,,,,,,
45430,31.244917,216.58.210.234,10.100.102.6,TCP,60,443  >  54952 [ACK] Seq=7236 Ack=8209574 Win=2141184 Len=0,,,,,,,
45431,31.247582,216.58.210.234,10.100.102.6,TCP,60,443  >  54952 [ACK] Seq=7236 Ack=8210638 Win=2145280 Len=0,,,,,,,
45432,31.247582,216.58.210.234,10.100.102.6,TCP,60,443  >  54952 [ACK] Seq=7236 Ack=8213498 Win=2144000 Len=0,,,,,,,
45433,31.247582,216.58.210.234,10.100.102.6,TCP,60,443  >  54952 [ACK] Seq=7236 Ack=8218852 Win=2145280 Len=0,,,,,,,
45434,31.247582,216.58.210.234,10.100.102.6,TCP,60,443  >  54952 [ACK] Seq=7236 Ack=8216358 Win=2145024 Len=0,,,,,,,
45441,31.261753,216.58.210.234,10.100.102.6,TCP,60,443  >  54877 [ACK] Seq=1642 Ack=23222546 Win=7911 Len=0,,,,,,,
45442,31.262029,216.58.210.234,10.100.102.6,TCP,60,443  >  54877 [ACK] Seq=1642 Ack=23225406 Win=7911 Len=0,,,,,,,
45443,31.265585,216.58.210.234,10.100.102.6,TCP,60,443  >  54877 [ACK] Seq=1642 Ack=23227900 Win=7911 Len=0,,,,,,,
45446,31.265585,216.58.210.234,10.100.102.6,TCP,60,443  >  54877 [ACK] Seq=1642 Ack=23230760 Win=7914 Len=0,,,,,,,
45448,31.265585,216.58.210.234,10.100.102.6,TCP,60,443  >  54877 [ACK] Seq=1642 Ack=23235050 Win=7915 Len=0,,,,,,,
45449,31.265585,216.58.210.234,10.100.102.6,TCP,60,443  >  54877 [ACK] Seq=1642 Ack=23236114 Win=7915 Len=0,,,,,,,
45450,31.265585,216.58.210.234,10.100.102.6,TCP,60,443  >  54877 [ACK] Seq=1642 Ack=23238974 Win=7911 Len=0,,,,,,,
45451,31.265585,216.58.210.234,10.100.102.6,TCP,60,443  >  54877 [ACK] Seq=1642 Ack=23241834 Win=7911 Len=0,,,,,,,
45452,31.265585,216.58.210.234,10.100.102.6,TCP,60,443  >  54877 [ACK] Seq=1642 Ack=23244328 Win=7915 Len=0,,,,,,,
45453,31.265585,216.58.210.234,10.100.102.6,TCP,60,443  >  54952 [ACK] Seq=7236 Ack=8226002 Win=2141184 Len=0,,,,,,,
45454,31.265585,216.58.210.234,10.100.102.6,TCP,60,443  >  54952 [ACK] Seq=7236 Ack=8227066 Win=2145280 Len=0,,,,,,,
45458,31.266203,216.58.210.234,10.100.102.6,TCP,60,443  >  54877 [ACK] Seq=1642 Ack=23250048 Win=7903 Len=0,,,,,,,
45459,31.266203,216.58.210.234,10.100.102.6,TCP,60,443  >  54877 [ACK] Seq=1642 Ack=23255402 Win=7911 Len=0,,,,,,,
45460,31.266203,216.58.210.234,10.100.102.6,TCP,60,443  >  54877 [ACK] Seq=1642 Ack=23252542 Win=7911 Len=0,,,,,,,
45463,31.266553,216.58.210.234,10.100.102.6,TCP,60,443  >  54877 [ACK] Seq=1642 Ack=23265046 Win=7900 Len=0,,,,,,,
45464,31.266553,216.58.210.234,10.100.102.6,TCP,60,443  >  54877 [ACK] Seq=1642 Ack=23258262 Win=7914 Len=0,,,,,,,
45465,31.266553,216.58.210.234,10.100.102.6,TCP,60,443  >  54877 [ACK] Seq=1642 Ack=23262186 Win=7908 Len=0,,,,,,,
45466,31.266553,216.58.210.234,10.100.102.6,TCP,60,443  >  54877 [ACK] Seq=1642 Ack=23267906 Win=7911 Len=0,,,,,,,
45474,31.271475,216.58.210.234,10.100.102.6,TCP,60,443  >  54877 [ACK] Seq=1642 Ack=23268970 Win=7915 Len=0,,,,,,,
45475,31.271475,216.58.210.234,10.100.102.6,TCP,60,443  >  54952 [ACK] Seq=7236 Ack=8229926 Win=2145280 Len=0,,,,,,,
45476,31.271475,216.58.210.234,10.100.102.6,TCP,60,443  >  54952 [ACK] Seq=7236 Ack=8235280 Win=2145280 Len=0,,,,,,,
45477,31.27174,216.58.210.234,10.100.102.6,TCP,60,443  >  54877 [ACK] Seq=1642 Ack=23277184 Win=7896 Len=0,,,,,,,
45486,31.311684,216.58.210.234,10.100.102.6,TCP,60,443  >  54877 [ACK] Seq=1642 Ack=23280044 Win=7914 Len=0,,,,,,,
45487,31.311684,216.58.210.234,10.100.102.6,TCP,60,443  >  54877 [ACK] Seq=1642 Ack=23284334 Win=7915 Len=0,,,,,,,
45488,31.311913,216.58.210.234,10.100.102.6,TCP,60,443  >  54877 [ACK] Seq=1642 Ack=23285398 Win=7915 Len=0,,,,,,,
45489,31.311913,216.58.210.234,10.100.102.6,TCP,60,443  >  54952 [ACK] Seq=7236 Ack=8243494 Win=2144256 Len=0,,,,,,,
45490,31.311913,216.58.210.234,10.100.102.6,TCP,60,443  >  54952 [ACK] Seq=7236 Ack=8241000 Win=2142208 Len=0,,,,,,,
45494,31.311913,216.58.210.234,10.100.102.6,TCP,60,443  >  54952 [ACK] Seq=7236 Ack=8246354 Win=2144000 Len=0,,,,,,,
45498,31.312567,216.58.210.234,10.100.102.6,TCP,60,443  >  54952 [ACK] Seq=7236 Ack=8249214 Win=2144000 Len=0,,,,,,,
45499,31.312567,216.58.210.234,10.100.102.6,TCP,60,443  >  54952 [ACK] Seq=7236 Ack=8251708 Win=2144256 Len=0,,,,,,,
45504,31.316991,216.58.210.234,10.100.102.6,TCP,60,443  >  54952 [ACK] Seq=7236 Ack=8258858 Win=2141184 Len=0,,,,,,,
45505,31.316991,216.58.210.234,10.100.102.6,TCP,60,443  >  54952 [ACK] Seq=7236 Ack=8259922 Win=2145280 Len=0,,,,,,,
45510,31.321484,216.58.210.234,10.100.102.6,TCP,60,443  >  54952 [ACK] Seq=7236 Ack=8265642 Win=2142208 Len=0,,,,,,,
45511,31.321484,216.58.210.234,10.100.102.6,TCP,60,443  >  54952 [ACK] Seq=7236 Ack=8268136 Win=2145280 Len=0,,,,,,,
45513,31.321484,216.58.210.234,10.100.102.6,TCP,60,443  >  54952 [ACK] Seq=7236 Ack=8276350 Win=2145280 Len=0,,,,,,,
45514,31.321484,216.58.210.234,10.100.102.6,TCP,60,443  >  54952 [ACK] Seq=7236 Ack=8279210 Win=2144000 Len=0,,,,,,,
45515,31.321484,216.58.210.234,10.100.102.6,TCP,60,443  >  54952 [ACK] Seq=7236 Ack=8282070 Win=2145024 Len=0,,,,,,,
45516,31.321484,216.58.210.234,10.100.102.6,TCP,60,443  >  54952 [ACK] Seq=7236 Ack=8284564 Win=2145280 Len=0,,,,,,,
45531,31.336802,216.58.210.234,10.100.102.6,TCP,60,443  >  54877 [ACK] Seq=1642 Ack=23293612 Win=7915 Len=0,,,,,,,
45535,31.337753,216.58.210.234,10.100.102.6,TCP,60,443  >  54877 [ACK] Seq=1642 Ack=23296472 Win=7911 Len=0,,,,,,,
45537,31.339638,216.58.210.234,10.100.102.6,TCP,60,443  >  54877 [ACK] Seq=1642 Ack=23299332 Win=7911 Len=0,,,,,,,
45538,31.339638,216.58.210.234,10.100.102.6,TCP,60,443  >  54877 [ACK] Seq=1642 Ack=23301826 Win=7915 Len=0,,,,,,,
45540,31.339638,216.58.210.234,10.100.102.6,TCP,60,443  >  54877 [ACK] Seq=1642 Ack=23306116 Win=7907 Len=0,,,,,,,
45541,31.339638,216.58.210.234,10.100.102.6,TCP,60,443  >  54952 [ACK] Seq=7236 Ack=8287424 Win=2144000 Len=0,,,,,,,
45542,31.339638,216.58.210.234,10.100.102.6,TCP,60,443  >  54952 [ACK] Seq=7236 Ack=8290284 Win=2145024 Len=0,,,,,,,
45543,31.339638,216.58.210.234,10.100.102.6,TCP,60,443  >  54952 [ACK] Seq=7236 Ack=8292778 Win=2145280 Len=0,,,,,,,
45554,31.342564,216.58.210.234,10.100.102.6,TCP,60,443  >  54877 [ACK] Seq=1642 Ack=23312900 Win=7900 Len=0,,,,,,,
45555,31.342564,216.58.210.234,10.100.102.6,TCP,60,443  >  54877 [ACK] Seq=1642 Ack=23308976 Win=7914 Len=0,,,,,,,
45556,31.342564,216.58.210.234,10.100.102.6,TCP,60,443  >  54877 [ACK] Seq=1642 Ack=23318254 Win=7889 Len=0,,,,,,,
45557,31.342564,216.58.210.234,10.100.102.6,TCP,60,443  >  54877 [ACK] Seq=1642 Ack=23321114 Win=7911 Len=0,,,,,,,
45558,31.342564,216.58.210.234,10.100.102.6,TCP,60,443  >  54877 [ACK] Seq=1642 Ack=23323974 Win=7911 Len=0,,,,,,,
45560,31.342564,216.58.210.234,10.100.102.6,TCP,60,443  >  54877 [ACK] Seq=1642 Ack=23326468 Win=7915 Len=0,,,,,,,
45561,31.342564,216.58.210.234,10.100.102.6,TCP,60,443  >  54877 [ACK] Seq=1642 Ack=23329328 Win=7911 Len=0,,,,,,,
45563,31.342564,216.58.210.234,10.100.102.6,TCP,60,443  >  54877 [ACK] Seq=1642 Ack=23332188 Win=7911 Len=0,,,,,,,
45564,31.342564,216.58.210.234,10.100.102.6,TCP,60,443  >  54877 [ACK] Seq=1642 Ack=23334682 Win=7911 Len=0,,,,,,,
45576,31.348149,216.58.210.234,10.100.102.6,TCP,60,443  >  54877 [ACK] Seq=1642 Ack=23337542 Win=7911 Len=0,,,,,,,
45577,31.348149,216.58.210.234,10.100.102.6,TCP,60,443  >  54877 [ACK] Seq=1642 Ack=23340402 Win=7903 Len=0,,,,,,,
45578,31.348149,216.58.210.234,10.100.102.6,TCP,60,443  >  54877 [ACK] Seq=1642 Ack=23342896 Win=7911 Len=0,,,,,,,
45581,31.348149,216.58.210.234,10.100.102.6,TCP,60,443  >  54952 [ACK] Seq=7236 Ack=8299928 Win=2141184 Len=0,,,,,,,
45587,31.348281,216.58.210.234,10.100.102.6,TCP,60,443  >  54952 [ACK] Seq=7236 Ack=8300992 Win=2145280 Len=0,,,,,,,
45628,31.397942,216.58.210.234,10.100.102.6,TCP,60,443  >  54877 [ACK] Seq=1642 Ack=23345756 Win=7911 Len=0,,,,,,,
45629,31.397942,216.58.210.234,10.100.102.6,TCP,60,443  >  54877 [ACK] Seq=1642 Ack=23351110 Win=7915 Len=0,,,,,,,
45630,31.397942,216.58.210.234,10.100.102.6,TCP,60,443  >  54877 [ACK] Seq=1642 Ack=23348616 Win=7914 Len=0,,,,,,,
45643,31.399283,216.58.210.234,10.100.102.6,TCP,60,443  >  54952 [ACK] Seq=7236 Ack=8309206 Win=2140416 Len=0,,,,,,,
45648,31.403077,216.58.210.234,10.100.102.6,TCP,60,443  >  54952 [ACK] Seq=7236 Ack=8312066 Win=2144000 Len=0,,,,,,,
45649,31.403077,216.58.210.234,10.100.102.6,TCP,60,443  >  54952 [ACK] Seq=7236 Ack=8317420 Win=2140416 Len=0,,,,,,,
45655,31.403077,216.58.210.234,10.100.102.6,TCP,60,443  >  54952 [ACK] Seq=7236 Ack=8320280 Win=2145024 Len=0,,,,,,,
45656,31.403077,216.58.210.234,10.100.102.6,TCP,60,443  >  54952 [ACK] Seq=7236 Ack=8325634 Win=2145280 Len=0,,,,,,,
45660,31.403077,216.58.210.234,10.100.102.6,TCP,60,443  >  54952 [ACK] Seq=7236 Ack=8329924 Win=2143232 Len=0,,,,,,,
45661,31.403077,216.58.210.234,10.100.102.6,TCP,60,443  >  54952 [ACK] Seq=7236 Ack=8332784 Win=2144000 Len=0,,,,,,,
45662,31.403077,216.58.210.234,10.100.102.6,TCP,60,443  >  54952 [ACK] Seq=7236 Ack=8333848 Win=2145280 Len=0,,,,,,,
45668,31.403077,216.58.210.234,10.100.102.6,TCP,60,443  >  54952 [ACK] Seq=7236 Ack=8338138 Win=2143232 Len=0,,,,,,,
45669,31.403077,216.58.210.234,10.100.102.6,TCP,60,443  >  54952 [ACK] Seq=7236 Ack=8340998 Win=2144000 Len=0,,,,,,,
45674,31.403077,216.58.210.234,10.100.102.6,TCP,60,443  >  54952 [ACK] Seq=7236 Ack=8350276 Win=2137600 Len=0,,,,,,,
45694,31.412274,216.58.210.234,10.100.102.6,TCP,60,443  >  54877 [ACK] Seq=1642 Ack=23359324 Win=7896 Len=0,,,,,,,
45699,31.412274,216.58.210.234,10.100.102.6,TCP,60,443  >  54877 [ACK] Seq=1642 Ack=23362184 Win=7911 Len=0,,,,,,,
45700,31.412274,216.58.210.234,10.100.102.6,TCP,60,443  >  54877 [ACK] Seq=1642 Ack=23365044 Win=7914 Len=0,,,,,,,
45701,31.412274,216.58.210.234,10.100.102.6,TCP,60,443  >  54877 [ACK] Seq=1642 Ack=23367538 Win=7915 Len=0,,,,,,,
45709,31.413444,216.58.210.234,10.100.102.6,TCP,60,443  >  54877 [ACK] Seq=1642 Ack=23375752 Win=7896 Len=0,,,,,,,
45710,31.413444,216.58.210.234,10.100.102.6,TCP,60,443  >  54952 [ACK] Seq=7236 Ack=8353136 Win=2144000 Len=0,,,,,,,
45713,31.419133,216.58.210.234,10.100.102.6,TCP,60,443  >  54952 [ACK] Seq=7236 Ack=8358490 Win=2140416 Len=0,,,,,,,
45714,31.419133,216.58.210.234,10.100.102.6,TCP,60,443  >  54877 [ACK] Seq=1642 Ack=23378612 Win=7911 Len=0,,,,,,,
45715,31.419133,216.58.210.234,10.100.102.6,TCP,60,443  >  54877 [ACK] Seq=1642 Ack=23381472 Win=7911 Len=0,,,,,,,
45716,31.419133,216.58.210.234,10.100.102.6,TCP,60,443  >  54877 [ACK] Seq=1642 Ack=23393610 Win=7896 Len=0,,,,,,,
45718,31.419133,216.58.210.234,10.100.102.6,TCP,60,443  >  54877 [ACK] Seq=1642 Ack=23385396 Win=7908 Len=0,,,,,,,
45720,31.419133,216.58.210.234,10.100.102.6,TCP,60,443  >  54877 [ACK] Seq=1642 Ack=23388256 Win=7911 Len=0,,,,,,,
45724,31.419133,216.58.210.234,10.100.102.6,TCP,60,443  >  54877 [ACK] Seq=1642 Ack=23396470 Win=7911 Len=0,,,,,,,
45725,31.419133,216.58.210.234,10.100.102.6,TCP,60,443  >  54877 [ACK] Seq=1642 Ack=23400394 Win=7915 Len=0,,,,,,,
45735,31.425243,216.58.210.234,10.100.102.6,TCP,60,443  >  54877 [ACK] Seq=1642 Ack=23408608 Win=7915 Len=0,,,,,,,
45745,31.426066,216.58.210.234,10.100.102.6,TCP,60,443  >  54952 [ACK] Seq=7236 Ack=8361350 Win=2144000 Len=0,,,,,,,
45746,31.426066,216.58.210.234,10.100.102.6,TCP,60,443  >  54952 [ACK] Seq=7236 Ack=8366704 Win=2140416 Len=0,,,,,,,
45784,31.470301,216.58.210.234,10.100.102.6,TCP,60,443  >  54877 [ACK] Seq=1642 Ack=23412898 Win=7907 Len=0,,,,,,,
45785,31.470301,216.58.210.234,10.100.102.6,TCP,60,443  >  54877 [ACK] Seq=1642 Ack=23416822 Win=7915 Len=0,,,,,,,
45787,31.470503,216.58.210.234,10.100.102.6,TCP,60,443  >  54877 [ACK] Seq=1642 Ack=23415758 Win=7911 Len=0,,,,,,,
45792,31.474575,216.58.210.234,10.100.102.6,TCP,60,443  >  54952 [ACK] Seq=7236 Ack=8369564 Win=2144000 Len=0,,,,,,,
45793,31.474575,216.58.210.234,10.100.102.6,TCP,60,443  >  54952 [ACK] Seq=7236 Ack=8373854 Win=2140416 Len=0,,,,,,,
45794,31.474575,216.58.210.234,10.100.102.6,TCP,60,443  >  54952 [ACK] Seq=7236 Ack=8374918 Win=2145280 Len=0,,,,,,,
45795,31.475363,216.58.210.234,10.100.102.6,TCP,60,443  >  54952 [ACK] Seq=7236 Ack=8383132 Win=2140416 Len=0,,,,,,,
45802,31.481817,216.58.210.234,10.100.102.6,TCP,60,443  >  54952 [ACK] Seq=7236 Ack=8385992 Win=2144000 Len=0,,,,,,,
45805,31.48488,216.58.210.234,10.100.102.6,TCP,60,443  >  54952 [ACK] Seq=7236 Ack=8399560 Win=2134784 Len=0,,,,,,,
45806,31.48488,216.58.210.234,10.100.102.6,TCP,60,443  >  54952 [ACK] Seq=7236 Ack=8402420 Win=2144000 Len=0,,,,,,,
45807,31.48488,216.58.210.234,10.100.102.6,TCP,60,443  >  54877 [ACK] Seq=1642 Ack=23425036 Win=7896 Len=0,,,,,,,
45808,31.48488,216.58.210.234,10.100.102.6,TCP,60,443  >  54952 [ACK] Seq=7236 Ack=8405280 Win=2145024 Len=0,,,,,,,
45809,31.48488,216.58.210.234,10.100.102.6,TCP,60,443  >  54952 [ACK] Seq=7236 Ack=8407774 Win=2145280 Len=0,,,,,,,
45811,31.48488,216.58.210.234,10.100.102.6,TCP,60,443  >  54952 [ACK] Seq=7236 Ack=8415988 Win=2140416 Len=0,,,,,,,
45812,31.48488,216.58.210.234,10.100.102.6,TCP,60,443  >  54877 [ACK] Seq=1642 Ack=23427896 Win=7914 Len=0,,,,,,,
45813,31.48488,216.58.210.234,10.100.102.6,TCP,60,443  >  54877 [ACK] Seq=1642 Ack=23432186 Win=7915 Len=0,,,,,,,
45814,31.48488,216.58.210.234,10.100.102.6,TCP,60,443  >  54877 [ACK] Seq=1642 Ack=23441464 Win=7915 Len=0,,,,,,,
45819,31.485089,216.58.210.234,10.100.102.6,TCP,60,443  >  54877 [ACK] Seq=1642 Ack=23440400 Win=7896 Len=0,,,,,,,
45821,31.489866,216.58.210.234,10.100.102.6,TCP,60,443  >  54877 [ACK] Seq=1642 Ack=23444324 Win=7911 Len=0,,,,,,,
45822,31.489866,216.58.210.234,10.100.102.6,TCP,60,443  >  54877 [ACK] Seq=1642 Ack=23447184 Win=7911 Len=0,,,,,,,
45823,31.489866,216.58.210.234,10.100.102.6,TCP,60,443  >  54877 [ACK] Seq=1642 Ack=23449678 Win=7915 Len=0,,,,,,,
45828,31.496672,216.58.210.234,10.100.102.6,TCP,60,443  >  54877 [ACK] Seq=1642 Ack=23451108 Win=7915 Len=0,,,,,,,
45829,31.496672,216.58.210.234,10.100.102.6,TCP,60,443  >  54877 [ACK] Seq=1642 Ack=23455398 Win=7915 Len=0,,,,,,,
45830,31.496672,216.58.210.234,10.100.102.6,TCP,60,443  >  54877 [ACK] Seq=1642 Ack=23459322 Win=7908 Len=0,,,,,,,
45831,31.496672,216.58.210.234,10.100.102.6,TCP,60,443  >  54877 [ACK] Seq=1642 Ack=23462182 Win=7914 Len=0,,,,,,,
45832,31.496672,216.58.210.234,10.100.102.6,TCP,60,443  >  54877 [ACK] Seq=1642 Ack=23466106 Win=7915 Len=0,,,,,,,
45833,31.496672,216.58.210.234,10.100.102.6,TCP,60,443  >  54877 [ACK] Seq=1642 Ack=23470396 Win=7907 Len=0,,,,,,,
45834,31.496672,216.58.210.234,10.100.102.6,TCP,60,443  >  54877 [ACK] Seq=1642 Ack=23473256 Win=7911 Len=0,,,,,,,
45835,31.496672,216.58.210.234,10.100.102.6,TCP,60,443  >  54877 [ACK] Seq=1642 Ack=23474320 Win=7915 Len=0,,,,,,,
45852,31.533839,216.58.210.234,10.100.102.6,TLSv1.3,593,Application Data,,,,,,,
45864,31.544299,216.58.210.234,10.100.102.6,TCP,60,443  >  54877 [ACK] Seq=1642 Ack=23482534 Win=7896 Len=0,,,,,,,
45904,31.554616,216.58.210.234,10.100.102.6,TCP,60,443  >  54877 [ACK] Seq=1642 Ack=23485394 Win=7911 Len=0,,,,,,,
45915,31.57341,216.58.210.234,10.100.102.6,TCP,60,443  >  54877 [ACK] Seq=1642 Ack=23488254 Win=7911 Len=0,,,,,,,
45916,31.57341,216.58.210.234,10.100.102.6,TCP,60,443  >  54877 [ACK] Seq=1642 Ack=23490748 Win=7915 Len=0,,,,,,,
45917,31.57341,216.58.210.234,10.100.102.6,TCP,60,443  >  54877 [ACK] Seq=1642 Ack=23493608 Win=7911 Len=0,,,,,,,
45918,31.57341,216.58.210.234,10.100.102.6,TCP,60,443  >  54877 [ACK] Seq=1642 Ack=23496468 Win=7911 Len=0,,,,,,,
45919,31.57341,216.58.210.234,10.100.102.6,TCP,60,443  >  54877 [ACK] Seq=1642 Ack=23503252 Win=7893 Len=0,,,,,,,
45920,31.57341,216.58.210.234,10.100.102.6,TCP,60,443  >  54877 [ACK] Seq=1642 Ack=23506112 Win=7911 Len=0,,,,,,,
45923,31.57341,216.58.210.234,10.100.102.6,TCP,60,443  >  54877 [ACK] Seq=1642 Ack=23508606 Win=7904 Len=0,,,,,,,
45928,31.57341,216.58.210.234,10.100.102.6,TCP,60,443  >  54877 [ACK] Seq=1642 Ack=23511466 Win=7911 Len=0,,,,,,,
45929,31.57341,216.58.210.234,10.100.102.6,TCP,60,443  >  54877 [ACK] Seq=1642 Ack=23514326 Win=7911 Len=0,,,,,,,
45930,31.57341,216.58.210.234,10.100.102.6,TCP,60,443  >  54877 [ACK] Seq=1642 Ack=23515390 Win=7915 Len=0,,,,,,,
45937,31.57341,216.58.210.234,10.100.102.6,TCP,60,443  >  54877 [ACK] Seq=1642 Ack=23518250 Win=7915 Len=0,,,,,,,
45964,31.582045,216.58.210.234,10.100.102.6,TCP,60,443  >  54877 [ACK] Seq=1642 Ack=23522540 Win=7915 Len=0,,,,,,,
45965,31.582045,216.58.210.234,10.100.102.6,TCP,60,443  >  54877 [ACK] Seq=1642 Ack=23523604 Win=7915 Len=0,,,,,,,
45967,31.582045,216.58.210.234,10.100.102.6,TCP,60,443  >  54877 [ACK] Seq=1642 Ack=23530754 Win=7896 Len=0,,,,,,,
45968,31.582045,216.58.210.234,10.100.102.6,TCP,60,443  >  54877 [ACK] Seq=1642 Ack=23531818 Win=7915 Len=0,,,,,,,
45974,31.582395,216.58.210.234,10.100.102.6,TCP,60,443  >  54877 [ACK] Seq=1642 Ack=23540032 Win=7896 Len=0,,,,,,,
46017,31.613339,216.58.210.234,10.100.102.6,TCP,60,443  >  54952 [ACK] Seq=7775 Ack=8416979 Win=2145280 Len=0,,,,,,,
46024,31.619207,216.58.210.234,10.100.102.6,TCP,60,443  >  54877 [ACK] Seq=1642 Ack=23542892 Win=7911 Len=0,,,,,,,
46025,31.619207,216.58.210.234,10.100.102.6,TCP,60,443  >  54877 [ACK] Seq=1642 Ack=23548246 Win=7896 Len=0,,,,,,,
46030,31.621276,216.58.210.234,10.100.102.6,TCP,60,443  >  54952 [ACK] Seq=7775 Ack=8419839 Win=2144000 Len=0,,,,,,,
46033,31.629283,216.58.210.234,10.100.102.6,TCP,60,443  >  54952 [ACK] Seq=7775 Ack=8422699 Win=2144000 Len=0,,,,,,,
46034,31.629283,216.58.210.234,10.100.102.6,TCP,60,443  >  54952 [ACK] Seq=7775 Ack=8426623 Win=2141440 Len=0,,,,,,,
46035,31.629283,216.58.210.234,10.100.102.6,TCP,60,443  >  54952 [ACK] Seq=7775 Ack=8429483 Win=2145024 Len=0,,,,,,,
46036,31.629283,216.58.210.234,10.100.102.6,TCP,60,443  >  54952 [ACK] Seq=7775 Ack=8434837 Win=2143232 Len=0,,,,,,,
46044,31.635141,216.58.210.234,10.100.102.6,TCP,60,443  >  54952 [ACK] Seq=7775 Ack=8437697 Win=2144000 Len=0,,,,,,,
46045,31.635141,216.58.210.234,10.100.102.6,TCP,60,443  >  54952 [ACK] Seq=7775 Ack=8454125 Win=2136832 Len=0,,,,,,,
46046,31.635141,216.58.210.234,10.100.102.6,TCP,60,443  >  54952 [ACK] Seq=7775 Ack=8440557 Win=2144000 Len=0,,,,,,,
46047,31.635141,216.58.210.234,10.100.102.6,TCP,60,443  >  54952 [ACK] Seq=7775 Ack=8443051 Win=2144256 Len=0,,,,,,,
46048,31.635141,216.58.210.234,10.100.102.6,TCP,60,443  >  54952 [ACK] Seq=7775 Ack=8456985 Win=2144000 Len=0,,,,,,,
46049,31.635141,216.58.210.234,10.100.102.6,TCP,60,443  >  54952 [ACK] Seq=7775 Ack=8467693 Win=2144256 Len=0,,,,,,,
46050,31.635141,216.58.210.234,10.100.102.6,TCP,60,443  >  54952 [ACK] Seq=7775 Ack=8465199 Win=2138624 Len=0,,,,,,,
46051,31.635141,216.58.210.234,10.100.102.6,TCP,60,443  >  54952 [ACK] Seq=7775 Ack=8473413 Win=2140416 Len=0,,,,,,,
46056,31.635141,216.58.210.234,10.100.102.6,TCP,60,443  >  54952 [ACK] Seq=7775 Ack=8475907 Win=2144256 Len=0,,,,,,,
46057,31.635141,216.58.210.234,10.100.102.6,TCP,60,443  >  54952 [ACK] Seq=7775 Ack=8480197 Win=2141440 Len=0,,,,,,,
46059,31.635141,216.58.210.234,10.100.102.6,TCP,60,443  >  54952 [ACK] Seq=7775 Ack=8482691 Win=2144256 Len=0,,,,,,,
46095,31.648552,216.58.210.234,10.100.102.6,TCP,60,443  >  54877 [ACK] Seq=1642 Ack=23551106 Win=7911 Len=0,,,,,,,
46096,31.648552,216.58.210.234,10.100.102.6,TCP,60,443  >  54877 [ACK] Seq=1642 Ack=23553966 Win=7914 Len=0,,,,,,,
46097,31.648552,216.58.210.234,10.100.102.6,TCP,60,443  >  54877 [ACK] Seq=1642 Ack=23560750 Win=7896 Len=0,,,,,,,
46098,31.648552,216.58.210.234,10.100.102.6,TCP,60,443  >  54877 [ACK] Seq=1642 Ack=23564674 Win=7889 Len=0,,,,,,,
46105,31.65273,216.58.210.234,10.100.102.6,TCP,60,443  >  54877 [ACK] Seq=1642 Ack=23567534 Win=7911 Len=0,,,,,,,
46106,31.65273,216.58.210.234,10.100.102.6,TCP,60,443  >  54877 [ACK] Seq=1642 Ack=23572888 Win=7915 Len=0,,,,,,,
46107,31.65273,216.58.210.234,10.100.102.6,TCP,60,443  >  54877 [ACK] Seq=1642 Ack=23570394 Win=7911 Len=0,,,,,,,
46108,31.65273,216.58.210.234,10.100.102.6,TCP,60,443  >  54877 [ACK] Seq=1642 Ack=23577178 Win=7900 Len=0,,,,,,,
46109,31.65273,216.58.210.234,10.100.102.6,TCP,60,443  >  54877 [ACK] Seq=1642 Ack=23581102 Win=7893 Len=0,,,,,,,
46116,31.65273,216.58.210.234,10.100.102.6,TCP,60,443  >  54877 [ACK] Seq=1642 Ack=23583962 Win=7911 Len=0,,,,,,,
46117,31.65273,216.58.210.234,10.100.102.6,TCP,60,443  >  54877 [ACK] Seq=1642 Ack=23586822 Win=7914 Len=0,,,,,,,
46118,31.65273,216.58.210.234,10.100.102.6,TCP,60,443  >  54877 [ACK] Seq=1642 Ack=23589316 Win=7915 Len=0,,,,,,,
46125,31.656361,216.58.210.234,10.100.102.6,TCP,60,443  >  54877 [ACK] Seq=1642 Ack=23593606 Win=7907 Len=0,,,,,,,
46126,31.6572,216.58.210.234,10.100.102.6,TCP,60,443  >  54877 [ACK] Seq=1642 Ack=23596466 Win=7911 Len=0,,,,,,,
46127,31.6572,216.58.210.234,10.100.102.6,TCP,60,443  >  54877 [ACK] Seq=1642 Ack=23597530 Win=7915 Len=0,,,,,,,
46129,31.657264,216.58.210.234,10.100.102.6,TCP,60,443  >  54877 [ACK] Seq=1642 Ack=23604680 Win=7915 Len=0,,,,,,,
46130,31.658929,216.58.210.234,10.100.102.6,TCP,60,443  >  54877 [ACK] Seq=1642 Ack=23605744 Win=7915 Len=0,,,,,,,
46158,31.689603,216.58.210.234,10.100.102.6,TCP,60,443  >  54877 [ACK] Seq=1642 Ack=23613958 Win=7915 Len=0,,,,,,,
46163,31.704801,216.58.210.234,10.100.102.6,TCP,60,443  >  54952 [ACK] Seq=7775 Ack=8488411 Win=2142208 Len=0,,,,,,,
46164,31.704801,216.58.210.234,10.100.102.6,TCP,60,443  >  54952 [ACK] Seq=7775 Ack=8490905 Win=2144256 Len=0,,,,,,,
46165,31.704801,216.58.210.234,10.100.102.6,TCP,60,443  >  54952 [ACK] Seq=7775 Ack=8498055 Win=2145024 Len=0,,,,,,,
46166,31.704801,216.58.210.234,10.100.102.6,TCP,60,443  >  54952 [ACK] Seq=7775 Ack=8495195 Win=2141440 Len=0,,,,,,,
46169,31.706966,216.58.210.234,10.100.102.6,TCP,60,443  >  54952 [ACK] Seq=7775 Ack=8499119 Win=2145280 Len=0,,,,,,,
46186,31.724897,216.58.210.234,10.100.102.6,TCP,60,443  >  54952 [ACK] Seq=7775 Ack=8516977 Win=2133760 Len=0,,,,,,,
46187,31.724897,216.58.210.234,10.100.102.6,TCP,60,443  >  54952 [ACK] Seq=7775 Ack=8519837 Win=2144000 Len=0,,,,,,,
46188,31.724897,216.58.210.234,10.100.102.6,TCP,60,443  >  54952 [ACK] Seq=7775 Ack=8523761 Win=2145280 Len=0,,,,,,,
46189,31.724897,216.58.210.234,10.100.102.6,TCP,60,443  >  54952 [ACK] Seq=7775 Ack=8529481 Win=2142208 Len=0,,,,,,,
46190,31.724897,216.58.210.234,10.100.102.6,TCP,60,443  >  54952 [ACK] Seq=7775 Ack=8531975 Win=2144256 Len=0,,,,,,,
46191,31.724897,216.58.210.234,10.100.102.6,TCP,60,443  >  54952 [ACK] Seq=7775 Ack=8548403 Win=2132992 Len=0,,,,,,,
46211,31.750097,216.58.210.234,10.100.102.6,TCP,60,443  >  54877 [ACK] Seq=1642 Ack=23616818 Win=7911 Len=0,,,,,,,
46212,31.750097,216.58.210.234,10.100.102.6,TCP,60,443  >  54877 [ACK] Seq=1642 Ack=23619678 Win=7911 Len=0,,,,,,,
46213,31.750097,216.58.210.234,10.100.102.6,TCP,60,443  >  54877 [ACK] Seq=1642 Ack=23622172 Win=7911 Len=0,,,,,,,
46214,31.750097,216.58.210.234,10.100.102.6,TCP,60,443  >  54877 [ACK] Seq=1642 Ack=23625032 Win=7914 Len=0,,,,,,,
46219,31.750097,216.58.210.234,10.100.102.6,TCP,60,443  >  54877 [ACK] Seq=1642 Ack=23630386 Win=7915 Len=0,,,,,,,
46220,31.750097,216.58.210.234,10.100.102.6,TCP,60,443  >  54877 [ACK] Seq=1642 Ack=23638600 Win=7896 Len=0,,,,,,,
46225,31.750097,216.58.210.234,10.100.102.6,TCP,60,443  >  54877 [ACK] Seq=1642 Ack=23641460 Win=7911 Len=0,,,,,,,
46226,31.750097,216.58.210.234,10.100.102.6,TCP,60,443  >  54877 [ACK] Seq=1642 Ack=23653964 Win=7878 Len=0,,,,,,,
46228,31.750097,216.58.210.234,10.100.102.6,TCP,60,443  >  54877 [ACK] Seq=1642 Ack=23655028 Win=7915 Len=0,,,,,,,
46236,31.750097,216.58.210.234,10.100.102.6,TCP,60,443  >  54877 [ACK] Seq=1642 Ack=23657888 Win=7911 Len=0,,,,,,,
46237,31.750097,216.58.210.234,10.100.102.6,TCP,60,443  >  54877 [ACK] Seq=1642 Ack=23660748 Win=7911 Len=0,,,,,,,
46238,31.750097,216.58.210.234,10.100.102.6,TCP,60,443  >  54877 [ACK] Seq=1642 Ack=23663242 Win=7911 Len=0,,,,,,,
46259,31.760482,216.58.210.234,10.100.102.6,TCP,60,443  >  54877 [ACK] Seq=1642 Ack=23666102 Win=7914 Len=0,,,,,,,
46260,31.760482,216.58.210.234,10.100.102.6,TCP,60,443  >  54877 [ACK] Seq=1642 Ack=23671456 Win=7915 Len=0,,,,,,,
46309,31.770852,216.58.210.234,10.100.102.6,TCP,60,443  >  54877 [ACK] Seq=1642 Ack=23674316 Win=7911 Len=0,,,,,,,
46310,31.770852,216.58.210.234,10.100.102.6,TCP,60,443  >  54877 [ACK] Seq=1642 Ack=23677176 Win=7911 Len=0,,,,,,,
46312,31.770852,216.58.210.234,10.100.102.6,TCP,60,443  >  54877 [ACK] Seq=1642 Ack=23679670 Win=7915 Len=0,,,,,,,
46350,31.781037,216.58.210.234,10.100.102.6,TCP,60,443  >  54952 [ACK] Seq=7775 Ack=8551263 Win=2144000 Len=0,,,,,,,
46367,31.79366,216.58.210.234,10.100.102.6,TCP,60,443  >  54952 [ACK] Seq=7775 Ack=8554123 Win=2145024 Len=0,,,,,,,
46369,31.79366,216.58.210.234,10.100.102.6,TCP,60,443  >  54952 [ACK] Seq=7775 Ack=8556617 Win=2145280 Len=0,,,,,,,
46376,31.79366,216.58.210.234,10.100.102.6,TCP,60,443  >  54952 [ACK] Seq=7775 Ack=8562337 Win=2142208 Len=0,,,,,,,
46377,31.79366,216.58.210.234,10.100.102.6,TCP,60,443  >  54952 [ACK] Seq=7775 Ack=8564831 Win=2145280 Len=0,,,,,,,
46412,31.800154,216.58.210.234,10.100.102.6,TCP,60,443  >  54952 [ACK] Seq=7775 Ack=8577335 Win=2144000 Len=0,,,,,,,
46419,31.802718,216.58.210.234,10.100.102.6,TCP,60,443  >  54952 [ACK] Seq=7775 Ack=8574475 Win=2140416 Len=0,,,,,,,
46420,31.802718,216.58.210.234,10.100.102.6,TCP,60,443  >  54952 [ACK] Seq=7775 Ack=8580195 Win=2145024 Len=0,,,,,,,
46421,31.802895,216.58.210.234,10.100.102.6,TCP,60,443  >  54952 [ACK] Seq=7775 Ack=8599117 Win=2132224 Len=0,,,,,,,
46422,31.802895,216.58.210.234,10.100.102.6,TCP,60,443  >  54952 [ACK] Seq=7775 Ack=8601977 Win=2144000 Len=0,,,,,,,
46423,31.802895,216.58.210.234,10.100.102.6,TCP,60,443  >  54952 [ACK] Seq=7775 Ack=8614115 Win=2135808 Len=0,,,,,,,
46433,31.821292,216.58.210.234,10.100.102.6,TCP,60,443  >  54877 [ACK] Seq=1642 Ack=23690744 Win=7889 Len=0,,,,,,,
46434,31.821292,216.58.210.234,10.100.102.6,TCP,60,443  >  54877 [ACK] Seq=1642 Ack=23693604 Win=7911 Len=0,,,,,,,
46440,31.834622,216.58.210.234,10.100.102.6,TCP,60,443  >  54877 [ACK] Seq=1642 Ack=23697528 Win=7900 Len=0,,,,,,,
46441,31.834622,216.58.210.234,10.100.102.6,TCP,60,443  >  54877 [ACK] Seq=1642 Ack=23712526 Win=7860 Len=0,,,,,,,
46442,31.834622,216.58.210.234,10.100.102.6,TCP,60,443  >  54877 [ACK] Seq=1642 Ack=23715386 Win=7911 Len=0,,,,,,,
46446,31.834622,216.58.210.234,10.100.102.6,TCP,60,443  >  54877 [ACK] Seq=1642 Ack=23728954 Win=7874 Len=0,,,,,,,
46448,31.834622,216.58.210.234,10.100.102.6,TCP,60,443  >  54877 [ACK] Seq=1642 Ack=23731814 Win=7911 Len=0,,,,,,,
46450,31.834622,216.58.210.234,10.100.102.6,TCP,60,443  >  54877 [ACK] Seq=1642 Ack=23734674 Win=7911 Len=0,,,,,,,
46466,31.840648,216.58.210.234,10.100.102.6,TCP,60,443  >  54877 [ACK] Seq=1642 Ack=23737168 Win=7915 Len=0,,,,,,,
46473,31.852797,216.58.210.234,10.100.102.6,TCP,60,443  >  54877 [ACK] Seq=1642 Ack=23741458 Win=7907 Len=0,,,,,,,
46484,31.854843,216.58.210.234,10.100.102.6,TCP,60,443  >  54877 [ACK] Seq=1642 Ack=23744318 Win=7911 Len=0,,,,,,,
46485,31.854843,216.58.210.234,10.100.102.6,TCP,60,443  >  54877 [ACK] Seq=1642 Ack=23745382 Win=7915 Len=0,,,,,,,
46521,31.876997,216.58.210.234,10.100.102.6,TCP,60,443  >  54952 [ACK] Seq=7775 Ack=8616975 Win=2144000 Len=0,,,,,,,
46522,31.876997,216.58.210.234,10.100.102.6,TCP,60,443  >  54952 [ACK] Seq=7775 Ack=8622329 Win=2145280 Len=0,,,,,,,
46523,31.876997,216.58.210.234,10.100.102.6,TCP,60,443  >  54952 [ACK] Seq=7775 Ack=8619835 Win=2144000 Len=0,,,,,,,
46531,31.876997,216.58.210.234,10.100.102.6,TCP,60,443  >  54952 [ACK] Seq=7775 Ack=8630543 Win=2140416 Len=0,,,,,,,
46547,31.883694,216.58.210.234,10.100.102.6,TCP,60,443  >  54952 [ACK] Seq=7775 Ack=8633403 Win=2144000 Len=0,,,,,,,
46548,31.883694,216.58.210.234,10.100.102.6,TCP,60,443  >  54952 [ACK] Seq=7775 Ack=8638757 Win=2145280 Len=0,,,,,,,
46549,31.883694,216.58.210.234,10.100.102.6,TCP,60,443  >  54952 [ACK] Seq=7775 Ack=8636263 Win=2145024 Len=0,,,,,,,
46559,31.887771,216.58.210.234,10.100.102.6,TCP,60,443  >  54952 [ACK] Seq=7775 Ack=8643047 Win=2145280 Len=0,,,,,,,
46563,31.887771,216.58.210.234,10.100.102.6,TCP,60,443  >  54952 [ACK] Seq=7775 Ack=8646971 Win=2144000 Len=0,,,,,,,
46564,31.887771,216.58.210.234,10.100.102.6,TCP,60,443  >  54952 [ACK] Seq=7775 Ack=8649831 Win=2144000 Len=0,,,,,,,
46565,31.887771,216.58.210.234,10.100.102.6,TCP,60,443  >  54952 [ACK] Seq=7775 Ack=8655185 Win=2145280 Len=0,,,,,,,
46566,31.887771,216.58.210.234,10.100.102.6,TCP,60,443  >  54952 [ACK] Seq=7775 Ack=8652691 Win=2144000 Len=0,,,,,,,
46567,31.887771,216.58.210.234,10.100.102.6,TCP,60,443  >  54952 [ACK] Seq=7775 Ack=8662335 Win=2141184 Len=0,,,,,,,
46568,31.887771,216.58.210.234,10.100.102.6,TCP,60,443  >  54952 [ACK] Seq=7775 Ack=8664829 Win=2144256 Len=0,,,,,,,
46569,31.887771,216.58.210.234,10.100.102.6,TCP,60,443  >  54952 [ACK] Seq=7775 Ack=8667689 Win=2145024 Len=0,,,,,,,
46575,31.887771,216.58.210.234,10.100.102.6,TCP,60,443  >  54952 [ACK] Seq=7775 Ack=8670549 Win=2145024 Len=0,,,,,,,
46576,31.887771,216.58.210.234,10.100.102.6,TCP,60,443  >  54952 [ACK] Seq=7775 Ack=8679827 Win=2138624 Len=0,,,,,,,
46588,31.894274,216.58.210.234,10.100.102.6,TCP,60,443  >  54877 [ACK] Seq=1642 Ack=23752532 Win=7911 Len=0,,,,,,,
46589,31.894274,216.58.210.234,10.100.102.6,TCP,60,443  >  54877 [ACK] Seq=1642 Ack=23749672 Win=7907 Len=0,,,,,,,
46590,31.894274,216.58.210.234,10.100.102.6,TCP,60,443  >  54877 [ACK] Seq=1642 Ack=23753596 Win=7915 Len=0,,,,,,,
46622,31.904963,216.58.210.234,10.100.102.6,TCP,60,443  >  54877 [ACK] Seq=1642 Ack=23757886 Win=7907 Len=0,,,,,,,
46623,31.904963,216.58.210.234,10.100.102.6,TCP,60,443  >  54877 [ACK] Seq=1642 Ack=23760746 Win=7911 Len=0,,,,,,,
46624,31.904963,216.58.210.234,10.100.102.6,TCP,60,443  >  54877 [ACK] Seq=1642 Ack=23763240 Win=7911 Len=0,,,,,,,
46628,31.911961,216.58.210.234,10.100.102.6,TCP,60,443  >  54877 [ACK] Seq=1642 Ack=23770024 Win=7915 Len=0,,,,,,,
46629,31.911961,216.58.210.234,10.100.102.6,TCP,60,443  >  54877 [ACK] Seq=1642 Ack=23766100 Win=7911 Len=0,,,,,,,
46633,31.911961,216.58.210.234,10.100.102.6,TCP,60,443  >  54877 [ACK] Seq=1642 Ack=23777174 Win=7915 Len=0,,,,,,,
46634,31.911961,216.58.210.234,10.100.102.6,TCP,60,443  >  54877 [ACK] Seq=1642 Ack=23778238 Win=7915 Len=0,,,,,,,
46639,31.911961,216.58.210.234,10.100.102.6,TCP,60,443  >  54877 [ACK] Seq=1642 Ack=23782528 Win=7915 Len=0,,,,,,,
46648,31.913255,216.58.210.234,10.100.102.6,TCP,60,443  >  54877 [ACK] Seq=1642 Ack=23785388 Win=7915 Len=0,,,,,,,
46649,31.913255,216.58.210.234,10.100.102.6,TCP,60,443  >  54877 [ACK] Seq=1642 Ack=23790742 Win=7904 Len=0,,,,,,,
46652,31.914252,216.58.210.234,10.100.102.6,TCP,60,443  >  54877 [ACK] Seq=1642 Ack=23793602 Win=7911 Len=0,,,,,,,
46653,31.914252,216.58.210.234,10.100.102.6,TCP,60,443  >  54877 [ACK] Seq=1642 Ack=23794666 Win=7915 Len=0,,,,,,,
46662,31.914252,216.58.210.234,10.100.102.6,TCP,60,443  >  54877 [ACK] Seq=1642 Ack=23800386 Win=7903 Len=0,,,,,,,
46664,31.914252,216.58.210.234,10.100.102.6,TCP,60,443  >  54877 [ACK] Seq=1642 Ack=23802880 Win=7915 Len=0,,,,,,,
46691,31.926359,216.58.210.234,10.100.102.6,TCP,60,443  >  54877 [ACK] Seq=1642 Ack=23807170 Win=7915 Len=0,,,,,,,
46692,31.926359,216.58.210.234,10.100.102.6,TCP,60,443  >  54877 [ACK] Seq=1642 Ack=23810030 Win=7915 Len=0,,,,,,,
46695,31.926359,216.58.210.234,10.100.102.6,TCP,60,443  >  54877 [ACK] Seq=1642 Ack=23811094 Win=7915 Len=0,,,,,,,
46727,31.952355,216.58.210.234,10.100.102.6,TCP,60,443  >  54952 [ACK] Seq=7775 Ack=8682687 Win=2144000 Len=0,,,,,,,
46728,31.952355,216.58.210.234,10.100.102.6,TCP,60,443  >  54952 [ACK] Seq=7775 Ack=8685547 Win=2144000 Len=0,,,,,,,
46729,31.952355,216.58.210.234,10.100.102.6,TCP,60,443  >  54952 [ACK] Seq=7775 Ack=8688041 Win=2144256 Len=0,,,,,,,
46736,31.952355,216.58.210.234,10.100.102.6,TCP,60,443  >  54952 [ACK] Seq=7775 Ack=8696255 Win=2140416 Len=0,,,,,,,
46750,31.956486,216.58.210.234,10.100.102.6,TCP,60,443  >  54952 [ACK] Seq=7775 Ack=8699115 Win=2144000 Len=0,,,,,,,
46752,31.956951,216.58.210.234,10.100.102.6,TCP,60,443  >  54952 [ACK] Seq=7775 Ack=8701975 Win=2145024 Len=0,,,,,,,
46753,31.956951,216.58.210.234,10.100.102.6,TCP,60,443  >  54952 [ACK] Seq=7775 Ack=8704469 Win=2145280 Len=0,,,,,,,
46760,31.960315,216.58.210.234,10.100.102.6,TCP,60,443  >  54952 [ACK] Seq=7775 Ack=8708759 Win=2143232 Len=0,,,,,,,
46762,31.961026,216.58.210.234,10.100.102.6,TCP,60,443  >  54952 [ACK] Seq=7775 Ack=8712683 Win=2145280 Len=0,,,,,,,
46763,31.961026,216.58.210.234,10.100.102.6,TCP,60,443  >  54952 [ACK] Seq=7775 Ack=8711619 Win=2145024 Len=0,,,,,,,
46764,31.961026,216.58.210.234,10.100.102.6,TCP,60,443  >  54952 [ACK] Seq=7775 Ack=8718403 Win=2145280 Len=0,,,,,,,
46766,31.963426,216.58.210.234,10.100.102.6,TCP,60,443  >  54952 [ACK] Seq=7775 Ack=8726617 Win=2144000 Len=0,,,,,,,
46767,31.963426,216.58.210.234,10.100.102.6,TCP,60,443  >  54952 [ACK] Seq=7775 Ack=8723757 Win=2142464 Len=0,,,,,,,
46771,31.963426,216.58.210.234,10.100.102.6,TCP,60,443  >  54952 [ACK] Seq=7775 Ack=8729111 Win=2144256 Len=0,,,,,,,
46772,31.963426,216.58.210.234,10.100.102.6,TCP,60,443  >  54952 [ACK] Seq=7775 Ack=8741615 Win=2135808 Len=0,,,,,,,
46773,31.963426,216.58.210.234,10.100.102.6,TCP,60,443  >  54952 [ACK] Seq=7775 Ack=8744475 Win=2144000 Len=0,,,,,,,
46774,31.963426,216.58.210.234,10.100.102.6,TCP,60,443  >  54952 [ACK] Seq=7775 Ack=8745539 Win=2145280 Len=0,,,,,,,
46785,31.967582,216.58.210.234,10.100.102.6,TCP,60,443  >  54877 [ACK] Seq=1642 Ack=23813954 Win=7911 Len=0,,,,,,,
46786,31.967582,216.58.210.234,10.100.102.6,TCP,60,443  >  54877 [ACK] Seq=1642 Ack=23816814 Win=7914 Len=0,,,,,,,
46787,31.967582,216.58.210.234,10.100.102.6,TCP,60,443  >  54877 [ACK] Seq=1642 Ack=23819308 Win=7915 Len=0,,,,,,,
46804,31.977732,216.58.210.234,10.100.102.6,TCP,60,443  >  54877 [ACK] Seq=1642 Ack=23825028 Win=7903 Len=0,,,,,,,
46806,31.977732,216.58.210.234,10.100.102.6,TCP,60,443  >  54877 [ACK] Seq=1642 Ack=23827522 Win=7911 Len=0,,,,,,,
46810,31.98325,216.58.210.234,10.100.102.6,TCP,60,443  >  54877 [ACK] Seq=1642 Ack=23830382 Win=7911 Len=0,,,,,,,
46812,31.984682,216.58.210.234,10.100.102.6,TCP,60,443  >  54877 [ACK] Seq=1642 Ack=23833242 Win=7903 Len=0,,,,,,,
46813,31.984682,216.58.210.234,10.100.102.6,TCP,60,443  >  54877 [ACK] Seq=1642 Ack=23835736 Win=7911 Len=0,,,,,,,
46817,31.985051,216.58.210.234,10.100.102.6,TCP,60,443  >  54877 [ACK] Seq=1642 Ack=23838596 Win=7911 Len=0,,,,,,,
46818,31.985051,216.58.210.234,10.100.102.6,TCP,60,443  >  54877 [ACK] Seq=1642 Ack=23845380 Win=7893 Len=0,,,,,,,
46819,31.985051,216.58.210.234,10.100.102.6,TCP,60,443  >  54877 [ACK] Seq=1642 Ack=23848240 Win=7911 Len=0,,,,,,,
46820,31.985051,216.58.210.234,10.100.102.6,TCP,60,443  >  54877 [ACK] Seq=1642 Ack=23851100 Win=7914 Len=0,,,,,,,
46821,31.985051,216.58.210.234,10.100.102.6,TCP,60,443  >  54877 [ACK] Seq=1642 Ack=23852164 Win=7915 Len=0,,,,,,,
46822,31.985051,216.58.210.234,10.100.102.6,TCP,60,443  >  54877 [ACK] Seq=1642 Ack=23855024 Win=7911 Len=0,,,,,,,
46823,31.985051,216.58.210.234,10.100.102.6,TCP,60,443  >  54877 [ACK] Seq=1642 Ack=23857884 Win=7911 Len=0,,,,,,,
46824,31.985051,216.58.210.234,10.100.102.6,TCP,60,443  >  54877 [ACK] Seq=1642 Ack=23860378 Win=7911 Len=0,,,,,,,
46830,31.989075,216.58.210.234,10.100.102.6,TCP,60,443  >  54877 [ACK] Seq=1642 Ack=23863238 Win=7911 Len=0,,,,,,,
46831,31.989075,216.58.210.234,10.100.102.6,TCP,60,443  >  54877 [ACK] Seq=1642 Ack=23866098 Win=7914 Len=0,,,,,,,
46833,31.989075,216.58.210.234,10.100.102.6,TCP,60,443  >  54877 [ACK] Seq=1642 Ack=23868592 Win=7915 Len=0,,,,,,,
46855,31.998513,216.58.210.234,10.100.102.6,TCP,60,443  >  54877 [ACK] Seq=1642 Ack=23876806 Win=7896 Len=0,,,,,,,
